,links,price,weight,kcal,fat,sat_fat,carbs,sugar,fibre,protein,salt,ingredients,photo_link
0,https://www.korodrogerie.de/soja-protein-crispies-58-mit-kakao-1-kg,"

14,00 €
",1,1535                                   / 362,"1,9 g","0,4 g","28,2 g","9,1 g","1,8 g",58 g,"2,7 g",7,https://koro2.imgix.net/media/image/f1/50/81/CRIS_005_01E3j9hQ8K66BPv.jpg?auto=compress%2Cformat&w=900&h=900
1,https://www.korodrogerie.de/schokodrops-mit-xylit-1-kg,"

21,00 €
",1,2290                                   / 555,46 g,28 g,31 g,"1,0 g",10 g,"9,2 g","0,07 g",K,https://koro2.imgix.net/media/image/2c/01/f8/SCHOKO_001_01c6BzVK50WZCzf.jpg?auto=compress%2Cformat&w=900&h=900
2,https://www.korodrogerie.de/schoko-protein-crunchies-ohne-zuckerzusatz-1-kg,"

20,00 €
",1,1875                                   / 448,28 g,12 g,37 g,"1,4 g","8,3 g",21 g,"0,36 g",S,https://koro2.imgix.net/media/image/30/78/62/PROTEIN_01001xL74SLYEqMZly.jpg?auto=compress%2Cformat&w=900&h=900
3,https://www.korodrogerie.de/soja-protein-crispies-60-1-kg,"

13,00 €
",1,1541                                   / 363,"1,8 g","0,2 g",26 g,"0,8 g","0,8 g",60 g,"3,2 g",6,https://koro2.imgix.net/media/image/84/55/ca/CRIS_004_RE_02.jpg?auto=compress%2Cformat&w=900&h=900
4,https://www.korodrogerie.de/bohnen-erbsen-mix-geroestet-gesalzen-1-kg,"

11,50 €
",1,1766                                   / 421,14 g,"2,3 g",35 g,"6,7 g",10 g,33 g,"1,0 g",1,https://koro2.imgix.net/media/image/a9/37/79/Bohnenerbsenmix.jpg?auto=compress%2Cformat&w=200&h=200
5,https://www.korodrogerie.de/reisgebaeck-superior-mix-750-g,"

11,50 €
",0,1710                                   / 405,"6,3 g","1,2 g",78 g,13 g,"2,7 g","7,6 g","1,2 g",4,https://koro2.imgix.net/media/image/68/7c/90/Reisgeback.jpg?auto=compress%2Cformat&w=200&h=200
6,https://www.korodrogerie.de/amarena-kirschen-mit-zartbitterschokolade-250-g,"

8,50 €
",0,1715                                   / 409,17 g,11 g,58 g,45 g,"5,4 g","3,5 g","0,08 g",5,https://koro2.imgix.net/media/image/31/8f/d6/AMARE_001_01A0Y4sgAPlPMF7.jpg?auto=compress%2Cformat&w=900&h=900
7,https://www.korodrogerie.de/sonnengetrocknete-tomaten-1-kg,"

12,00 €
",1,1078                                   / 258,"3,0 g",0 g,44 g,38 g,12 g,14 g,"5,3 g",8,https://koro2.imgix.net/media/image/5b/aa/28/Tomatengetrock.jpg?auto=compress%2Cformat&w=200&h=200
8,https://www.korodrogerie.de/apfelchips-deutscher-elstar-250-g,"

7,00 €
",0,1507                                   / 356,0 g,0 g,77 g,72 g,14 g,"2,2 g","0,03 g",1,https://koro2.imgix.net/media/image/95/50/b3/ApfelchipsuoY5o38jWh7wA.jpg?auto=compress%2Cformat&w=200&h=200
9,https://www.korodrogerie.de/bio-rote-bete-chips-200-g,"

11,00 €
",2,1415                                   / 335,0 g,0 g,63 g,54 g,17 g,11 g,"0,5 g",K,https://koro2.imgix.net/media/image/13/f2/e2/Rotebeetechips.jpg?auto=compress%2Cformat&w=200&h=200
10,https://www.korodrogerie.de/apfelstuecke-mit-zimt-zucker-1-kg,"

14,50 €
",1,1505                                   / 360,0 g,0 g,89 g,75 g,"2,0 g",0 g,"0,58 g",5,https://koro2.imgix.net/media/image/c5/c3/14/Apfelstucke.jpg?auto=compress%2Cformat&w=200&h=200
11,https://www.korodrogerie.de/reiscracker-chili-1-kg,"

12,50 €
",1,1968                                   / 469,19 g,"1,8 g",70 g,15 g,0 g,"5,8 g","2,75 g",6,https://koro2.imgix.net/media/image/b2/c6/b2/ReiscrackerChilliVgazzaACJbvfx.jpg?auto=compress%2Cformat&w=200&h=200
12,https://www.korodrogerie.de/edamame-bohnen-geroestet-und-gesalzen-750-g,"

11,50 €
",0,1726                                   / 412,14 g,2 g,23 g,1 g,13 g,43 g,"1,3 g",9,https://koro2.imgix.net/media/image/7c/2f/dd/EdamameEhPrVPETvdLN1.jpg?auto=compress%2Cformat&w=200&h=200
13,https://www.korodrogerie.de/schwarze-sojabohnen-geroestet-und-gesalzen-750-g,"

10,50 €
",0,1923                                   / 459,14 g,2 g,32 g,1 g,10 g,47 g,"1,3 g",9,https://koro2.imgix.net/media/image/97/f7/01/BOHNE_006_01QLErKQCoyHow3.jpg?auto=compress%2Cformat&w=900&h=900
14,https://www.korodrogerie.de/saubohnen-geroestet-und-gesalzen-750-g,"

8,50 €
",0,1802                                   / 430,16 g,"1,6 g",40 g,"3,2 g",11 g,26 g,"2,5 g",8,https://koro2.imgix.net/media/image/f7/cf/80/BOHNE_007_0195wYSbXP0jWAL.jpg?auto=compress%2Cformat&w=900&h=900
15,https://www.korodrogerie.de/bio-vollkornreiswaffeln-mit-amaranth-und-hirse-12-x-120-g,"

9,50 €
",1,1664                                   / 393,"2,8 g","0,5 g",81 g,1 g,"6,1 g","7,9 g","0,98 g",B,https://koro2.imgix.net/media/image/7b/9b/40/REISW_001_01Fed0gHnvH1DVd.jpg?auto=compress%2Cformat&w=900&h=900
16,https://www.korodrogerie.de/bio-vollkornreiswaffeln-mit-7-saaten-12-x-120-g,"

9,50 €
",1,1589                                   / 375,"2,9 g","0,6 g",76 g,1 g,"5,6 g","8,5 g","0,96 g",B,https://koro2.imgix.net/media/image/30/a3/d8/REISW_002_01ZWkKKzlvvjdbB.jpg?auto=compress%2Cformat&w=900&h=900
17,https://www.korodrogerie.de/vollkornreiswaffeln-mit-dunkler-schokolade-12-x-90-g,"

14,00 €
",1,1981                                   / 473,21 g,12 g,59 g,26 g,"7,7 g","7,3 g","0,6 g",Z,https://koro2.imgix.net/media/image/6f/01/bb/REISW_003_01Ux18DYnRx94c9.jpg?auto=compress%2Cformat&w=900&h=900
18,https://www.korodrogerie.de/bio-vollkornreiswaffeln-mit-amaranth-und-hirse-120-g,"

1,50 €
",1,1664                                   / 393,"2,8 g","0,5 g",81 g,1 g,"6,1 g","7,9 g","0,98 g",B,https://koro2.imgix.net/media/image/7e/24/73/REISW_001_01POM9JffEhxinE.jpg?auto=compress%2Cformat&w=900&h=900
19,https://www.korodrogerie.de/bio-vollkornreiswaffeln-mit-7-saaten-120-g,"

1,50 €
",1,1589                                   / 375,"2,9 g","0,6 g",76 g,1 g,"5,6 g","8,5 g","0,96 g",B,https://koro2.imgix.net/media/image/69/fa/6a/REISW_005_011teMTcmUuhxa4.jpg?auto=compress%2Cformat&w=900&h=900
20,https://www.korodrogerie.de/vollkornreiswaffeln-mit-dunkler-schokolade-90-g,"

2,00 €
",9,1981                                   / 473,21 g,12 g,59 g,26 g,"7,7 g","7,3 g","0,6 g",Z,https://koro2.imgix.net/media/image/d5/e6/75/Schokireiswaffeln.jpg?auto=compress%2Cformat&w=200&h=200
21,https://www.korodrogerie.de/bio-suesskartoffel-chips-200-g,"

11,50 €
",P,1467                                   / 347,"0,7 g","0,3 g",70 g,32 g,15 g,"7,8 g","0,8 g",K,https://koro2.imgix.net/media/image/40/3e/dc/Chips_002_01ON2LwzBIMv5Qb.jpg?auto=compress%2Cformat&w=900&h=900
22,https://www.korodrogerie.de/bio-bruchschokolade-bitter-blaubeere-quinoa-1-kg,"

10,50 €
",1,2310                                   / 558,42 g,26 g,30 g,20 g,13 g,"8,1 g","0,13 g",K,https://koro2.imgix.net/media/image/6b/0b/b5/SCHOKO_006_01.jpg?auto=compress%2Cformat&w=900&h=900
23,https://www.korodrogerie.de/geroestete-maiskoerner-mit-salz-1-kg,"

8,50 €
",S,1818                                   / 433,15 g,"1,7 g",64 g,1 g,"9,8 g","6,7 g",2 g,K,https://koro2.imgix.net/media/image/6a/39/39/MAIS_005_01sbuobOKVfyGfY.jpg?auto=compress%2Cformat&w=900&h=900
24,https://www.korodrogerie.de/aprikosen-in-zartbitterschokolade-500-g,"

12,50 €
",0,1407                                   / 338,12 g,7 g,57 g,49 g,"5,1 g","4,2 g","0,03 g",7,https://koro2.imgix.net/media/image/0a/5e/a4/APRIK_005_010EpE4P5pWIGk7.jpg?auto=compress%2Cformat&w=900&h=900
25,https://www.korodrogerie.de/sanddornbeeren-mit-traubensaft-500-g,"

22,00 €
",0,1641                                   / 390,"8,3 g","2,4 g",69 g,58 g,"8,4 g","5,1 g","0,02 g",7,https://koro2.imgix.net/media/image/d8/b2/1f/SAND_002_01U57sFQ1F8bSdg.jpg?auto=compress%2Cformat&w=900&h=900
26,https://www.korodrogerie.de/bio-saure-wuermer-ohne-gelatine-1-5-kg,"

24,50 €
",1,1460                                   / 343,0 g,0 g,84 g,56 g,0 g,0 g,"0,2 g",R,https://koro2.imgix.net/media/image/61/72/57/WORMS_001_01.jpg?auto=compress%2Cformat&w=900&h=900
27,https://www.korodrogerie.de/bio-fruchtgummibaerchen-ohne-gelatine-1-25-kg,"

18,00 €
",1,1372                                   / 323,0 g,0 g,78 g,58 g,"2,8 g",0 g,"0,8 g",B,https://koro2.imgix.net/media/image/d9/50/9e/FRUCHT_003_01XmGYRO2hKC3P8.jpg?auto=compress%2Cformat&w=900&h=900
28,https://www.korodrogerie.de/bohnenmix-chili-limette-1-kg,"

17,00 €
",N,1796                                   / 428,16 g,"2,0 g",36 g,12 g,"9,7 g",31 g,"1,4 g",K,https://koro2.imgix.net/media/image/24/9c/3d/BOHNE_018_01EdHDNCYFnMRvt.jpg?auto=compress%2Cformat&w=900&h=900
29,https://www.korodrogerie.de/bio-energy-ball-erdnuss-30-g,"

1,50 €
",3,1481                                   / 354,16 g,"3,3 g",48 g,46 g,6 g,11 g,0 g,K,https://koro2.imgix.net/media/image/1f/57/97/EnergyballErdnuss.jpg?auto=compress%2Cformat&w=200&h=200
30,https://www.korodrogerie.de/bio-energy-ball-haselnuss-30-g,"

1,50 €
",3,1548                                   / 378,16 g,"2,8 g",50 g,46 g,6 g,"8,8 g",0 g,K,https://koro2.imgix.net/media/image/b7/5c/c2/BLISS_002_01.jpg?auto=compress%2Cformat&w=900&h=900
31,https://www.korodrogerie.de/bio-bruchschokolade-bitter-beeren-mix-1-kg,"

14,00 €
",1,2370                                   / 570,43 g,27 g,33 g,27 g,12 g,"6,9 g","0,02 g",K,https://koro2.imgix.net/media/image/33/e2/d2/SCHOKO_012_02.jpg?auto=compress%2Cformat&w=900&h=900
32,https://www.korodrogerie.de/bio-energy-ball-salted-peanut-30-g,"

1,50 €
",3,1679                                   / 401,20 g,"3,5 g",45 g,35 g,7 g,13 g,"0,87 g",K,https://koro2.imgix.net/media/image/83/44/b0/PeanutEnergy.jpg?auto=compress%2Cformat&w=200&h=200
33,https://www.korodrogerie.de/bio-cookie-chocolate-chip-12-x-50-g,"

15,00 €
",6,2079                                   / 500,32 g,18 g,39 g,19 g,"9,2 g","9,7 g","0,04 g",K,https://koro2.imgix.net/media/image/f8/4e/df/CookieChocolate.jpg?auto=compress%2Cformat&w=200&h=200
34,https://www.korodrogerie.de/bio-rohkostriegel-kakao-50-g,"

1,00 €
",5,1518                                   / 399,18 g,3 g,47 g,39 g,4 g,12 g,0 g,K,https://koro2.imgix.net/media/image/c8/90/04/RAW_Bar_Kakao_02.jpg?auto=compress%2Cformat&w=900&h=900
35,https://www.korodrogerie.de/bio-nut-butter-bar-tahin-30-g,"

1,50 €
",3,1508                                   / 360,13 g,"2,2 g",46 g,44 g,13 g,"8,9 g","0,02 g",B,https://koro2.imgix.net/media/image/92/41/ba/BIO_Sesam_Tahin_Riegel_01.jpg?auto=compress%2Cformat&w=900&h=900
36,https://www.korodrogerie.de/bio-nut-butter-bar-tahin-12-x-30-g,"

12,00 €
",3,1819                                   / 435,24 g,"3,3 g",39 g,18 g,16 g,15 g,"0,01 g",K,https://koro2.imgix.net/media/image/bf/6e/b8/BIO_Sesam_Tahin_Riegel_07.jpg?auto=compress%2Cformat&w=900&h=900
37,https://www.korodrogerie.de/bio-veganer-proteinriegel-haselnuss-60-g,"

2,50 €
",6,1980                                   / 474,27 g,10 g,32 g,27 g,"4,4 g",25 g,"0,03 g",K,https://koro2.imgix.net/media/image/f3/bd/3e/ProteinbarHaselnuss.jpg?auto=compress%2Cformat&w=200&h=200
38,https://www.korodrogerie.de/bio-geile-schnitte-schokolade-30-g,"

1,50 €
",3,2197                                   / 518,37 g,30 g,39 g,28 g,"9,1 g","5,4 g","0,32 g",K,https://koro2.imgix.net/media/image/68/cb/5e/Geileschnitte.jpg?auto=compress%2Cformat&w=200&h=200
39,https://www.korodrogerie.de/bio-energy-ball-pistazie-30-g,"

1,00 €
",3,1485                                   / 484,17 g,"2,1 g",47 g,44 g,8 g,10 g,"0,1 g",K,https://koro2.imgix.net/media/image/2f/a9/g0/EnergyballPistazie.jpg?auto=compress%2Cformat&w=200&h=200
40,https://www.korodrogerie.de/kichererbsen-geroestet-und-gesalzen-1-kg,"

10,50 €
",1,1791                                   / 428,16 g,"1,9 g",44 g,"3,7 g",16 g,19 g,"1,5 g",8,https://koro2.imgix.net/media/image/e3/a1/57/KICH_001_01.jpg?auto=compress%2Cformat&w=900&h=900
41,https://www.korodrogerie.de/geroestete-kichererbsen-bbq-1-kg,"

12,00 €
",S,1769                                   / 422,15 g,"1,8 g",45 g,"4,0 g",15 g,19 g,"1,0 g",K,https://koro2.imgix.net/media/image/1d/c0/06/KICH_002_01.jpg?auto=compress%2Cformat&w=900&h=900
42,https://www.korodrogerie.de/geroestete-kichererbsen-salz-pfeffer-1-kg,"

12,00 €
",1,1763                                   / 421,15 g,"1,8 g",45 g,"3,7 g",15 g,19 g,"1,0 g",8,https://koro2.imgix.net/media/image/ec/e0/12/KICH_003_02.jpg?auto=compress%2Cformat&w=900&h=900
43,https://www.korodrogerie.de/bio-rohkostriegel-himbeere-50-g,"

1,50 €
",5,1631                                   / 388,18 g,3 g,50 g,43 g,5 g,10 g,0 g,K,https://koro2.imgix.net/media/image/4d/16/a1/RAW_Bar_Himbeere_02-1.jpg?auto=compress%2Cformat&w=900&h=900
44,https://www.korodrogerie.de/bio-rohkostriegel-cashew-50-g,"

1,50 €
",5,1683                                   / 399,20 g,"3,6 g",49 g,40 g,40 g,10 g,0 g,K,https://koro2.imgix.net/media/image/de/f7/dc/RAW_Bar_Cashew_02kJNExC8PBupCj.jpg?auto=compress%2Cformat&w=900&h=900
45,https://www.korodrogerie.de/bio-cookie-chocolate-chip-50-g,"

2,00 €
",5,2079                                   / 500,32 g,18 g,39 g,19 g,"9,2 g","9,7 g","0,04 g",K,https://koro2.imgix.net/media/image/f8/4e/df/CookieChocolate.jpg?auto=compress%2Cformat&w=200&h=200
46,https://www.korodrogerie.de/bio-cookie-salted-caramel-50-g,"

2,00 €
",5,2031                                   / 487,28 g,12 g,46 g,18 g,"6,5 g",10 g,"0,23 g",B,https://koro2.imgix.net/media/image/b4/fd/77/Cookiesalted.jpg?auto=compress%2Cformat&w=200&h=200
47,https://www.korodrogerie.de/bio-cookie-salted-caramel-12-x-50-g,"

13,50 €
",6,2031                                   / 487,28 g,12 g,46 g,18 g,"6,5 g",10 g,"0,23 g",B,https://koro2.imgix.net/media/image/9a/7e/76/COOKIE_005_01ImM2uw2wcukQ9.jpg?auto=compress%2Cformat&w=900&h=900
48,https://www.korodrogerie.de/apfelchips-hauchduenn-rot-250-g,"

17,00 €
",0,1250                                   / 297,"1,0 g","0,1 g",70 g,62 g,19 g,"1,5 g","0,02 g",1,https://koro2.imgix.net/media/image/94/5a/4e/Apfel_007_02.jpg?auto=compress%2Cformat&w=900&h=900
49,https://www.korodrogerie.de/apfelchips-hauchduenn-gruen-250-g,"

16,00 €
",0,1250                                   / 297,"1,0 g",0 g,70 g,62 g,19 g,"1,5 g","0,02 g",1,https://koro2.imgix.net/media/image/0f/f4/f3/APFEL_008_01.jpg?auto=compress%2Cformat&w=900&h=900
50,https://www.korodrogerie.de/bio-rote-bete-chips-20-x-200-g,"

200,50 €
",4,1415                                   / 335,0 g,0 g,63 g,54 g,17 g,11 g,"0,5 g",K,https://koro2.imgix.net/media/image/fd/0d/6f/CHIPS_001_TRAY.jpg?auto=compress%2Cformat&w=900&h=900
51,https://www.korodrogerie.de/bio-suesskartoffel-chips-20-x-200-g,"

203,50 €
",P,1558                                   / 370,"5,4 g","1,8 g","66,2 g","39,6 g","15,9 g","6,2 g","0,32 g",B,https://koro2.imgix.net/media/image/26/3b/45/CHIPS_002_TRAY.jpg?auto=compress%2Cformat&w=900&h=900
52,https://www.korodrogerie.de/saubohnen-geroestet-und-gesalzen-12-x-750-g,"

93,00 €
",9,1802                                   / 430,16 g,"1,6 g",40 g,"3,2 g",11 g,26 g,"2,5 g",8,https://koro2.imgix.net/media/image/59/fe/c4/BOHNE_007_TRAY.jpg?auto=compress%2Cformat&w=900&h=900
53,https://www.korodrogerie.de/schwarze-sojabohnen-geroestet-und-gesalzen-12-x-750-g,"

117,50 €
",9,1923                                   / 459,"13,7 g","2,0 g",32 g,"1,0 g",10 g,"46,5 g","1,3 g",9,https://koro2.imgix.net/media/image/c1/cc/0d/BOHNE_006_TRAY.jpg?auto=compress%2Cformat&w=900&h=900
54,https://www.korodrogerie.de/bohnen-erbsen-mix-geroestet-gesalzen-12-x-1-kg,"

125,50 €
",1,1766                                   / 421,14 g,"4,1 g",35 g,"6,7 g",10 g,33 g,"1,0 g",1,https://koro2.imgix.net/media/image/55/4f/3a/BOHNE_002_01nLGqX77uN7S10.jpg?auto=compress%2Cformat&w=900&h=900
55,https://www.korodrogerie.de/amarena-kirschen-mit-zartbitterschokolade-25-x-250-g,"

161,50 €
",6,1715                                   / 409,"17,1 g","10,7 g","57,6 g","45,32 g","5,4 g","3,5 g","0,08 g",5,https://koro2.imgix.net/media/image/37/e1/80/AMARE_001_TRAY_.jpg?auto=compress%2Cformat&w=900&h=900
56,https://www.korodrogerie.de/sonnengetrocknete-tomaten-10-x-1-kg,"

111,50 €
",1,1078                                   / 258,"3,0 g",,44 g,38 g,12 g,14 g,"5,3 g",8,https://koro2.imgix.net/media/image/36/57/29/TOM_001_TRAY.jpg?auto=compress%2Cformat&w=900&h=900
57,https://www.korodrogerie.de/apfelstuecke-mit-zimt-zucker-8-x-1-kg,"

108,00 €
",8,1505                                   / 360,0 g,0 g,89 g,75 g,"2,0 g",0 g,"0,58 g",5,https://koro2.imgix.net/media/image/99/34/e8/APFEL_001_TRAY.jpg?auto=compress%2Cformat&w=900&h=900
58,https://www.korodrogerie.de/aprikosen-in-zartbitterschokolade-10-x-500-g,"

114,50 €
",5,1407                                   / 338,12 g,"7,0 g",57 g,49 g,"5,1 g","4,2 g","0,03 g",7,https://koro2.imgix.net/media/image/72/f7/6f/APRIK_005_TRAY_.jpg?auto=compress%2Cformat&w=900&h=900
59,https://www.korodrogerie.de/bio-linsenchips-mit-meersalz-100-g,"

3,00 €
",1,2058                                   / 492,24 g,"2,2 g",56 g,"1,0 g","4,6 g",10 g,2 g,K,https://koro2.imgix.net/media/image/cc/53/5d/Biolinsenchips.jpg?auto=compress%2Cformat&w=200&h=200
60,https://www.korodrogerie.de/bio-linsenchips-mit-meersalz-16-x-100-g,"

40,00 €
",1,2040                                   / 488,25 g,"2,0 g",59 g,0 g,"4,5 g",10 g,"2,4 g",K,https://koro2.imgix.net/media/image/9f/df/2c/BIO_Linsenchips_mit_Meersalz_07.jpg?auto=compress%2Cformat&w=900&h=900
61,https://www.korodrogerie.de/nussknacker-walnuss-feige-40-g,"

1,50 €
",4,2204                                   / 529 ,33 g,4 g,41 g,18 g,"5,9 g",14 g,"0,21 g",R,https://koro2.imgix.net/media/image/04/29/eb/Nussknacker_Walnuss_Feige_01.jpg?auto=compress%2Cformat&w=900&h=900
62,https://www.korodrogerie.de/nussknacker-walnuss-feige-12-x-40-g,"

11,00 €
",4,2204                                   / 529 ,33 g,"4,0 g",41 g,18 g,"5,9 g",14 g,"0,21 g",R,https://koro2.imgix.net/media/image/26/e0/d3/Nussknacker_Walnuss_Feige_07.jpg?auto=compress%2Cformat&w=900&h=900
63,https://www.korodrogerie.de/nussknacker-cashew-walnuss-40-g,"

2,00 €
",4,2472                                   / 595,42 g,"4,9 g",38 g,21 g,"5,6 g",14 g,"0,03 g",C,https://koro2.imgix.net/media/image/0b/f2/34/NussknackerWalnuss.jpg?auto=compress%2Cformat&w=200&h=200
64,https://www.korodrogerie.de/nussknacker-cashew-walnuss-12-x-40-g,"

12,00 €
",4,2472                                   / 595,42 g,"4,9 g",38 g,21 g,"5,6 g",14 g,"0,03 g",1,https://koro2.imgix.net/media/image/0b/f2/34/NussknackerWalnuss.jpg?auto=compress%2Cformat&w=200&h=200
65,https://www.korodrogerie.de/protein-ball-brownie-30-g,"

1,50 €
",3,1455                                   / 423,11 g,"1,2 g",50 g,42 g,7 g,16 g,"0,4 g",D,https://koro2.imgix.net/media/image/2c/57/55/Protein_Ball_Brownie_01.jpg?auto=compress%2Cformat&w=900&h=900
66,https://www.korodrogerie.de/protein-ball-cookie-dough-30-g,"

1,00 €
",3,1502                                   / 356,12 g,"2,1 g",47 g,42 g,4 g,20 g,"0,40 g",D,https://koro2.imgix.net/media/image/a8/00/04/Protein_Balls_Cookie_Dough_01.jpg?auto=compress%2Cformat&w=900&h=900
67,https://www.korodrogerie.de/bio-gruene-oliven-mit-stein-400-g,"

5,00 €
",4,624                                   / 149,16 g,"2,3 g",0 g,0 g,"3,1 g","0,9 g",4 g,K,https://koro2.imgix.net/media/image/e1/66/88/BIO_Grune_Oliven_01.jpg?auto=compress%2Cformat&w=900&h=900
68,https://www.korodrogerie.de/bio-gruene-oliven-mit-stein-6-x-400-g,"

26,00 €
",2,624                                   / 149,16 g,"2,3 g",0 g,0 g,"3,1 g","0,9 g",4 g,K,https://koro2.imgix.net/media/image/52/89/0a/BIO_Grune_Oliven_06.jpg?auto=compress%2Cformat&w=900&h=900
69,https://www.korodrogerie.de/bio-kalamata-oliven-400-g,"

5,00 €
",0,990                                   / 240,25 g,"3,7 g",0 g,0 g,"3,5 g","1,3 g","4,0 g",K,https://koro2.imgix.net/media/image/af/b1/11/BIO_Kalamata_Oliven_01.jpg?auto=compress%2Cformat&w=900&h=900
70,https://www.korodrogerie.de/bio-kalamata-oliven-6-x-400-g,"

26,00 €
",2,990                                   / 240,25 g,"3,7 g",0 g,0 g,"3,5 g","1,3 g","4,0 g",K,https://koro2.imgix.net/media/image/9d/db/a4/BIO_Kalamata_Oliven_08.jpg?auto=compress%2Cformat&w=900&h=900
71,https://www.korodrogerie.de/feigenbrot-mit-mandeln-500-g,"

9,00 €
",0,1427                                   / 338,5 g,"0,4 g",71 g,53 g,"5,6 g",5 g,0 g,8,https://koro2.imgix.net/media/image/75/6d/76/FEIG_005_01.jpg?auto=compress%2Cformat&w=900&h=900
72,https://www.korodrogerie.de/feigenbrot-mit-mandeln-12-x-500-g,"

100,00 €
",6,1427                                   / 338,"5,0 g","0,4 g",71 g,53 g,"5,6 g","5,0 g",0 g,G,https://koro2.imgix.net/media/image/57/07/d9/FEIG_006_01.jpg?auto=compress%2Cformat&w=900&h=900
73,https://www.korodrogerie.de/bio-nut-butter-bar-peanut-30-g,"

1,50 €
",3,1695                                   / 405,17 g,"3,5 g",43 g,34 g,11 g,14 g,"0,21 g",A,https://koro2.imgix.net/media/image/01/fb/ab/Nutbutterbar.jpg?auto=compress%2Cformat&w=200&h=200
74,https://www.korodrogerie.de/bio-nut-butter-bar-hazelnut-30-g,"

1,00 €
",3,1955                                   / 469,26 g,2 g,45 g,36 g,10 g,9 g,"0,04 g",A,https://koro2.imgix.net/media/image/d4/13/03/Nutbutterhasel.jpg?auto=compress%2Cformat&w=200&h=200
75,https://www.korodrogerie.de/bio-gepuffter-apfel-500-g,"

20,50 €
",0,1420                                   / 338,"0,4 g","0,1 g",74 g,70 g,"7,8 g","2,4 g","0,7 g",K,https://koro2.imgix.net/media/image/17/73/d9/BIO_Gepuffter_Apfel_01.jpg?auto=compress%2Cformat&w=900&h=900
76,https://www.korodrogerie.de/bio-gepuffte-physalis-500-g,"

17,50 €
",0,1646                                   / 388,"2,0 g","0,4 g",90 g,66 g,7 g,"0,6 g",0 g,K,https://koro2.imgix.net/media/image/1e/1c/64/BIO_Gepuffte_Physalis_01.jpg?auto=compress%2Cformat&w=900&h=900
77,https://www.korodrogerie.de/bio-gepuffte-mango-500-g,"

16,00 €
",0,1532                                   / 362,"0,7 g","0,3 g",82 g,72 g,"8,4 g","3,0 g",0 g,K,https://koro2.imgix.net/media/image/98/e1/fc/BIO_Gepuffte_Mango_01TPbKjNd56Bk3N.jpg?auto=compress%2Cformat&w=900&h=900
78,https://www.korodrogerie.de/bio-gepuffte-banane-500-g,"

12,00 €
",0,1521                                   / 350,"0,3 g",0 g,81 g,69.5 g,"9,5 g","4,0 g",0 g,B,https://koro2.imgix.net/media/image/bf/d6/d5/BIO_Gepuffte_Banane_01.jpg?auto=compress%2Cformat&w=900&h=900
79,https://www.korodrogerie.de/bio-tomatenchips-500-g,"

14,00 €
",0,1348                                   / 319,"3,3 g","1,1 g",60 g,46 g,"7,1 g",9 g,"0,08 g",K,https://koro2.imgix.net/media/image/ff/1b/0e/TOM_003_01.jpg?auto=compress%2Cformat&w=900&h=900
80,https://www.korodrogerie.de/zimtwaffel-100-g,"

4,00 €
",1,1686                                   / 399,"5,1 g","0,8 g",76 g,33 g,5 g,"9,7 g","0,8 g",W,https://koro2.imgix.net/media/image/85/e3/23/WAFFEL_001_01.jpg?auto=compress%2Cformat&w=900&h=900
81,https://www.korodrogerie.de/bio-tomatenchips-13-x-500-g,"

165,50 €
",6,1348                                   / 319,"3,3 g","1,1 g",60 g,46 g,"7,1 g","9,0 g","0,08 g",K,https://koro2.imgix.net/media/image/2d/64/f5/TOM_004_01.jpg?auto=compress%2Cformat&w=900&h=900
82,https://www.korodrogerie.de/mandeln-mit-veganer-kakao-glasur-1-kg,"

19,50 €
",1,2289                                   / 551,38 g,15 g,38 g,28 g,12 g,"7,7 g","0,13 g",6,https://koro2.imgix.net/media/image/21/1c/7d/VEMAND_001_02.jpg?auto=compress%2Cformat&w=900&h=900
83,https://www.korodrogerie.de/cracker-dinkel-chia-500-g,"

4,50 €
",0,1689                                   / 400,"5,8 g","0,9 g",72 g,"1,6 g","3,7 g",13 g,"1,3 g",W,https://koro2.imgix.net/media/image/64/e8/96/CRACKER_013_02.jpg?auto=compress%2Cformat&w=900&h=900
84,https://www.korodrogerie.de/cracker-hanf-mohnsamen-500-g,"

4,50 €
",0,1630                                   / 386,"5,4 g","0,6 g",67 g,"1,8 g","6,6 g",14 g,"1,3 g",W,https://koro2.imgix.net/media/image/95/af/2d/CRACKER_014_01.jpg?auto=compress%2Cformat&w=900&h=900
85,https://www.korodrogerie.de/cracker-dinkel-chia-6-x-500-g,"

25,00 €
",3,1689                                   / 400,"5,8 g","0,9 g",72 g,"1,6 g","3,7 g",13 g,"1,3 g",W,https://koro2.imgix.net/media/image/c2/19/82/Cracker_Dinkel.jpg?auto=compress%2Cformat&w=200&h=200
86,https://www.korodrogerie.de/cracker-hanf-mohnsamen-6-x-500-g,"

25,00 €
",3,1630                                   / 386,"5,4 g","0,6 g",67 g,"1,8 g","6,6 g",14 g,"1,3 g",W,https://koro2.imgix.net/media/image/cb/b1/f5/CRACKER_016_01.jpg?auto=compress%2Cformat&w=900&h=900
87,https://www.korodrogerie.de/bio-gepuffter-apfel-16-x-500-g,"

256,00 €
",8,1420                                   / 338,"0,4 g","0,1 g",74 g,70 g,"7,8 g","2,4 g","0,7 g",B,https://koro2.imgix.net/media/image/f1/10/31/BIO_Gepuffter_Apfel_06.jpg?auto=compress%2Cformat&w=900&h=900
88,https://www.korodrogerie.de/bio-gepuffte-physalis-16-x-500-g,"

216,00 €
",8,1646                                   / 388,"2,0 g","0,4 g",,,15 g,"0,6 g",0 g,B,https://koro2.imgix.net/media/image/1e/f9/98/BIO_Gepuffte_Physalis_07aP3yGhipZtwoW.jpg?auto=compress%2Cformat&w=900&h=900
89,https://www.korodrogerie.de/bio-gepuffte-mango-16-x-500-g,"

194,00 €
",8,1532                                   / 362,"0,7 g","0,3 g",82 g,72 g,"8,4 g","3,0 g",0 g,B,https://koro2.imgix.net/media/image/af/07/6b/BIO_Gepuffte_Mango_06Sa9CERAZYE5x0.jpg?auto=compress%2Cformat&w=900&h=900
90,https://www.korodrogerie.de/bio-gepuffte-banane-16-x-500-g,"

137,50 €
",8,1521                                   / 350,"0,3 g",0 g,81 g,70 g,"9,5 g","4,0 g",0 g,B,https://koro2.imgix.net/media/image/2c/45/15/BIO_Gepuffte_Banane_07.jpg?auto=compress%2Cformat&w=900&h=900
91,https://www.korodrogerie.de/protein-ball-brownie-15-x-30-g,"

16,00 €
",4,1455                                   / 423,11 g,"1,2 g",50 g,42 g,7 g,16 g,0 g,D,https://koro2.imgix.net/media/image/26/ab/27/Protein_Ball_Brownie_06.jpg?auto=compress%2Cformat&w=900&h=900
92,https://www.korodrogerie.de/bio-flapjack-kakao-15-x-60-g,"

22,00 €
",9,1767                                   / 423,20 g,"5,1 g",45 g,20 g,13 g,"9,5 g","0,121 g",B,https://koro2.imgix.net/media/image/f7/69/47/Flapjackkakao.jpg?auto=compress%2Cformat&w=200&h=200
93,https://www.korodrogerie.de/bio-veganer-proteinriegel-haselnuss-12-x-60-g,"

19,00 €
",7,1980                                   / 474,27 g,10 g,32 g,27 g,"4,4 g",25 g,"0,03 g",K,https://koro2.imgix.net/media/image/d7/62/fa/RIEGEL_026_01.jpg?auto=compress%2Cformat&w=900&h=900
94,https://www.korodrogerie.de/protein-ball-cookie-dough-15-x-30-g,"

14,00 €
",4,1502                                   / 356,12 g,"2,1 g",47 g,42 g,4 g,20 g,"0,40 g",D,https://koro2.imgix.net/media/image/5e/e5/e8/Protein_Balls_Cookie_Dough_05.jpg?auto=compress%2Cformat&w=900&h=900
95,https://www.korodrogerie.de/bio-geile-schnitte-schokolade-10-x-30-g,"

9,00 €
",3,2197                                   / 518,37 g,30 g,39 g,28 g,"9,1 g","5,4 g","0,32 g",K,https://koro2.imgix.net/media/image/68/cb/5e/Geileschnitte.jpg?auto=compress%2Cformat&w=200&h=200
96,https://www.korodrogerie.de/bio-nut-butter-bar-peanut-12-x-30-g,"

12,00 €
",3,1695                                   / 405,17 g,"3,5 g",43 g,34 g,11 g,14 g,"0,21 g",A,https://koro2.imgix.net/media/image/01/fb/ab/Nutbutterbar.jpg?auto=compress%2Cformat&w=200&h=200
97,https://www.korodrogerie.de/bio-nut-butter-bar-hazelnut-12-x-30-g,"

10,00 €
",3,1955                                   / 469,26 g,2 g,45 g,36 g,10 g,9 g,"0,04 g",A,https://koro2.imgix.net/media/image/5d/34/4a/RIEGEL_029_01.jpg?auto=compress%2Cformat&w=900&h=900
98,https://www.korodrogerie.de/bio-energy-ball-haselnuss-15-x-30-g,"

17,50 €
",4,1548                                   / 378,16 g,"2,8 g",50 g,46 g,"6,0 g","8,8 g",0 g,K,https://koro2.imgix.net/media/image/59/ef/0e/EnergyballHaselnussJVmjlJ6JYB2KO.jpg?auto=compress%2Cformat&w=200&h=200
99,https://www.korodrogerie.de/bio-energy-ball-pistazie-15-x-30-g,"

14,00 €
",4,1485                                   / 484,17 g,"2,1 g",47 g,44 g,"8,0 g",10 g,"0,1 g",K,https://koro2.imgix.net/media/image/2f/a9/g0/EnergyballPistazie.jpg?auto=compress%2Cformat&w=200&h=200
100,https://www.korodrogerie.de/bio-energy-ball-erdnuss-15-x-30-g,"

18,00 €
",4,1481                                   / 354,16 g,"3,3 g",48 g,46 g,"6,0 g",11 g,0 g,K,https://koro2.imgix.net/media/image/1f/57/97/EnergyballErdnuss.jpg?auto=compress%2Cformat&w=200&h=200
101,https://www.korodrogerie.de/bio-energy-ball-salted-peanut-15-x-30-g,"

18,50 €
",4,1679                                   / 401,20 g,"3,5 g",45 g,35 g,"7,0 g",13 g,"0,87 g",K,https://koro2.imgix.net/media/image/83/44/b0/PeanutEnergy.jpg?auto=compress%2Cformat&w=200&h=200
102,https://www.korodrogerie.de/zimtwaffel-10-x-100-g,"

34,00 €
",1,1686                                   / 399,"5,1 g","0,8 g",76 g,33 g,5 g,"9,7 g","0,8 g",W,https://koro2.imgix.net/media/image/97/12/66/WAFFEL_002_01.jpg?auto=compress%2Cformat&w=900&h=900
103,https://www.korodrogerie.de/bio-rohkostriegel-cashew-12-x-50-g,"

15,00 €
",P,1683                                   / 399,20 g,"3,6 g",49 g,40 g,4 g,10 g,0 g,K,https://koro2.imgix.net/media/image/79/9a/c6/RAW_Bar_Cashew_01-1.jpg?auto=compress%2Cformat&w=900&h=900
104,https://www.korodrogerie.de/bio-rohkostriegel-kakao-12-x-50-g,"

12,00 €
",6,1683                                   / 399,20 g,"3,6 g",49 g,40 g,4 g,10 g,0 g,B,https://koro2.imgix.net/media/image/ba/07/3b/RAW_Bar_Kakao-01-1.jpg?auto=compress%2Cformat&w=900&h=900
105,https://www.korodrogerie.de/bio-rohkostriegel-himbeere-12-x-50-g,"

15,50 €
",6,1631                                   / 388,18 g,3 g,50 g,43 g,5 g,10 g,0 g,B,https://koro2.imgix.net/media/image/a0/9a/2f/RAW_Bar_Himbeere_01-2.jpg?auto=compress%2Cformat&w=900&h=900
106,https://www.korodrogerie.de/haferkeks-mit-schokodrops-200-g,"

3,50 €
",2,2057                                   / 492,28  g,13 g,56  g,0 g,"4,2 g","8,5  g",0 g,3,https://koro2.imgix.net/media/image/d8/d9/aa/Hafer-Cookies-Schokodrops.jpg?auto=compress%2Cformat&w=200&h=200
107,https://www.korodrogerie.de/haferkekse-mit-schokodrops-12-x-200-g,"

36,50 €
",2,2057                                   / 492,28  g,13 g,56  g,0 g,"4,2 g","8,5  g",0 g,3,https://koro2.imgix.net/media/image/e2/2c/b2/Haferkeks_mit_Schokodrops_08.jpg?auto=compress%2Cformat&w=900&h=900
108,https://www.korodrogerie.de/gebrannte-haselnuesse-salted-caramel-1-kg,"

22,00 €
",G,2346                                   / 564,37 g,"2,8 g",45 g,43 g,5 g,"9,2 g","0,94 g",K,https://koro2.imgix.net/media/image/3a/69/e4/HASEL_003_02.jpg?auto=compress%2Cformat&w=900&h=900
109,https://www.korodrogerie.de/mandeln-mit-veganer-kakao-glasur-3-x-1-kg,"

56,00 €
",3,2289                                   / 551,38 g,15 g,38 g,28 g,12 g,"7,7 g","0,13 g",6,https://koro2.imgix.net/media/image/8d/4b/86/VEMAND_002_01rf6oHaNPQqllP.jpg?auto=compress%2Cformat&w=900&h=900
110,https://www.korodrogerie.de/gebrannte-cashewkerne-salted-caramel-1-kg,"

23,00 €
",G,2143                                   / 512,26 g,"5,2 g",57 g,46 g,"2,4 g",11 g,"0,71 g",K,https://koro2.imgix.net/media/image/31/5d/ca/CASHEW_008_02.jpg?auto=compress%2Cformat&w=900&h=900
111,https://www.korodrogerie.de/gebrannte-pekannuesse-1-kg,"

22,00 €
",G,2325                                   / 556,36 g,3 g,53 g,49 g,"3,5 g","5,5 g","0,11 g",K,https://koro2.imgix.net/media/image/43/8e/34/PEKAN_010_03.jpg?auto=compress%2Cformat&w=900&h=900
112,https://www.korodrogerie.de/vegane-schokobrezeln-ohne-zuckerzusatz-1-kg,"

19,50 €
",1,1879                                   / 448,16 g,"6,4 g",55 g,"1,1 g",0 g,"7,9 g","2,2 g",K,https://koro2.imgix.net/media/image/a0/58/03/BREZ_003_01.jpg?auto=compress%2Cformat&w=900&h=900
113,https://www.korodrogerie.de/vegane-schokobrezeln-ohne-zuckerzusatz-12-x-1-kg,"

218,00 €
",1,1879                                   / 448,16 g,"6,4 g",55 g,"1,1 g",0 g,"8,0 g","2,2 g",K,https://koro2.imgix.net/media/image/7f/cf/30/BREZ_004_01.jpg?auto=compress%2Cformat&w=900&h=900
114,https://www.korodrogerie.de/gebrannte-erdnuesse-salted-caramel-1-kg,"

11,50 €
",G,2071                                   / 495,25 g,"4,4 g",49 g,46 g,"7,4 g",15 g,"0,85 g",K,https://koro2.imgix.net/media/image/2b/b8/e0/ERDNUSS_021_01.jpg?auto=compress%2Cformat&w=900&h=900
115,https://www.korodrogerie.de/gebrannte-erdnuesse-salted-caramel-12-x-1-kg,"

126,50 €
",G,2071                                   / 495,25 g,"4,4 g",49 g,46 g,"7,4 g",15 g,"0,85 g",K,https://koro2.imgix.net/media/image/24/76/d3/ERDNUSS_022_06.jpg?auto=compress%2Cformat&w=900&h=900
116,https://www.korodrogerie.de/gebrannte-haselnuesse-salted-caramel-12-x-1-kg,"

251,00 €
",G,2346                                   / 564,37 g,"2,8 g",45 g,43 g,"5,0 g","9,2 g","0,94 g",K,https://koro2.imgix.net/media/image/28/3c/60/HASEL_004_01.jpg?auto=compress%2Cformat&w=900&h=900
117,https://www.korodrogerie.de/gebrannte-cashewkerne-salted-caramel-12-x-1-kg,"

264,00 €
",G,2143                                   / 512,26 g,"5,2 g",57 g,46 g,"2,4 g",11 g,"0,71 g",K,https://koro2.imgix.net/media/image/f4/14/40/CASHEW_009_01.jpg?auto=compress%2Cformat&w=900&h=900
118,https://www.korodrogerie.de/gebrannte-pekannuesse-12-x-1-kg,"

247,00 €
",G,2325                                   / 556,36 g,"3,0 g",53 g,49 g,"3,5 g","5,5 g","0,11 g",K,https://koro2.imgix.net/media/image/f5/09/3a/PEKAN_011_01-1.jpg?auto=compress%2Cformat&w=900&h=900
119,https://www.korodrogerie.de/edamame-geroestet-gesalzen-5-kg,"

69,00 €
",5,1726                                   / 412,14 g,"2,0 g",23 g,"1,0 g",13 g,43 g,"1,3 g",9,https://koro2.imgix.net/media/image/a4/5d/98/BULK_016.jpg?auto=compress%2Cformat&w=900&h=900
120,https://www.korodrogerie.de/snack-feigen-1-kg,"

10,50 €
",1,1088                                   / 260,"0,9 g",0 g,54 g,48 g,"9,8 g","3,3 g","0,03 g",9,https://koro2.imgix.net/media/image/fc/58/2d/Feigen_1kg_01.jpg?auto=compress%2Cformat&w=900&h=900
121,https://www.korodrogerie.de/snack-feigen-10-x-1-kg,"

99,00 €
",1,1088                                   / 260,"0,9 g",0 g,54 g,48 g,"9,8 g","3,3 g","0,03 g",9,https://koro2.imgix.net/media/image/0e/d3/a2/FEIG_009_01.jpg?auto=compress%2Cformat&w=900&h=900
122,https://www.korodrogerie.de/soja-protein-crispies-77-mit-kakao-1-kg,"

20,00 €
",U,1594                                   / 381,"3,0 g","1,0 g",12 g,"0,7 g",,77 g,"2,1 g",K,https://koro2.imgix.net/media/image/6a/b4/66/Soja-Crispies-KakaoVeKNEFvGAIPWQ.jpg?auto=compress%2Cformat&w=200&h=200
123,https://www.korodrogerie.de/luebecker-edelmarzipan-kartoffeln-500-g,"

7,50 €
",0,1956                                   / 467,26 g,"2,1 g",43 g,43 g,"6,9 g",11 g,0 g,4,https://koro2.imgix.net/media/image/68/92/6e/MARZI_007_02.jpg?auto=compress%2Cformat&w=900&h=900
124,https://www.korodrogerie.de/bio-edelmarzipan-kartoffeln-500-g,"

12,50 €
",D,1931                                   / 462,25 g,"2,2 g",46 g,45 g,6 g,"9,6 g",0 g,K,https://koro2.imgix.net/media/image/8d/99/47/Edelmarzipan-Kartoffeln.jpg?auto=compress%2Cformat&w=200&h=200
125,https://www.korodrogerie.de/bio-einkorn-sticks-200-g,"

4,00 €
",B,1674                                   / 397,"6,9 g",5 g,67 g,6 g,7 g,12 g,"0,8 g",K,https://koro2.imgix.net/media/image/68/bb/4d/EINKORN_001_02.jpg?auto=compress%2Cformat&w=900&h=900
126,https://www.korodrogerie.de/bio-bruchschokolade-bitter-blaubeere-quinoa-5-x-1-kg,"

48,50 €
",5,2310                                   / 558,42 g,26 g,30 g,20 g,13 g,"8,1 g","0,13 g",K,https://koro2.imgix.net/media/image/e9/f7/41/SCHOKO_024_01.jpg?auto=compress%2Cformat&w=900&h=900
127,https://www.korodrogerie.de/luebecker-edelmarzipan-kartoffeln-6-x-500-g,"

37,50 €
",3,1956                                   / 467,26 g,"2,1 g",43 g,43 g,"6,9 g",11 g,0 g,4,https://koro2.imgix.net/media/image/73/f6/af/MARZI_008_01.jpg?auto=compress%2Cformat&w=900&h=900
128,https://www.korodrogerie.de/bio-energy-ball-salted-hazelnut-30-g,"

1,50 €
",3,1737                                   / 412,20 g,11 g,52 g,36 g,14 g,"7,4 g","0,6 g",K,https://koro2.imgix.net/media/image/fd/6b/3d/Eneryball_Salted_Hazelnut_01-1.jpg?auto=compress%2Cformat&w=900&h=900
129,https://www.korodrogerie.de/bio-energy-ball-salted-hazelnut-15-x-30-g,"

18,50 €
",4,1737                                   / 412,20 g,11 g,52 g,36 g,14 g,"7,4 g","0,6 g",K,https://koro2.imgix.net/media/image/1f/7a/a6/Eneryball_Salted_Hazelnut_085IPDSJE1MUywW.jpg?auto=compress%2Cformat&w=900&h=900
131,https://www.korodrogerie.de/bio-energy-ball-cashew-zimt-15-x-30-g,"

18,50 €
",P,1567                                   / 390,17 g,"3,4 g",53 g,38 g,"5,6 g","9,5 g","0,5 g",K,https://koro2.imgix.net/media/image/fa/17/83/Eneryball_Cashew_Zimt_08z3hT8ivtohmrG.jpg?auto=compress%2Cformat&w=900&h=900
132,https://www.korodrogerie.de/bio-energy-ball-salted-pistachio-30-g,"

2,00 €
",P,1597                                   / 381,16 g,"3,7 g",49 g,38 g,"6,4 g",11 g,"0,5 g",K,https://koro2.imgix.net/media/image/2c/54/2f/BLISS_19_01.jpg?auto=compress%2Cformat&w=900&h=900
133,https://www.korodrogerie.de/bio-energy-ball-salted-pistachio-15-x-30-g,"

20,50 €
",P,1597                                   / 381,16 g,"3,7 g",49 g,38 g,"6,4 g",11 g,"0,5 g",K,https://koro2.imgix.net/media/image/6c/d9/2c/BLISS_020_01RlNRVqlq8mIsn.jpg?auto=compress%2Cformat&w=900&h=900
134,https://www.korodrogerie.de/rohkostriegel-erdnuss-karamell-3-x-35-g,"

2,50 €
",P,1065                                   / 344,12 g,"1,6 g",53 g,43 g,"6,5 g","9,4 g","0,9 g",K,https://koro2.imgix.net/media/image/53/a2/78/Rohkostriegel_Erdnuss-Karamell_01rya7eBIb4tE7A.jpg?auto=compress%2Cformat&w=900&h=900
135,https://www.korodrogerie.de/rohkostriegel-erdnuss-karamell-12-x-3-x-35-g,"

24,50 €
",P,1065                                   / 344,12 g,"1,6 g",53 g,43 g,"6,5 g","9,4 g","0,9 g",K,https://koro2.imgix.net/media/image/7e/07/a2/Rohkostriegel_Erdnuss-Karamell_09-1.jpg?auto=compress%2Cformat&w=900&h=900
136,https://www.korodrogerie.de/rohkostriegel-haselnuss-kakao-3-x-35-g,"

2,50 €
",P,1371                                   / 442,13 g,"1,5 g",55 g,50 g,"7,7 g","7,8 g",0 g,K,https://koro2.imgix.net/media/image/b8/38/90/RIEGEL_37_01.jpg?auto=compress%2Cformat&w=900&h=900
137,https://www.korodrogerie.de/rohkostriegel-haselnuss-kakao-12-x-3-x-35-g,"

24,50 €
",P,1371                                   / 442,13 g,"1,5 g",55 g,50 g,"7,7 g","7,8 g",0 g,K,https://koro2.imgix.net/media/image/43/eb/4a/RIEGEL_38_01So75lJkLVuLlY.jpg?auto=compress%2Cformat&w=900&h=900
138,https://www.korodrogerie.de/erbsen-protein-crispies-71-1-kg,"

20,50 €
",U,1711                                   / 406,"6,3 g","1,3 g",17 g,"1,5 g",,71 g,"1,8 g",K,https://koro2.imgix.net/media/image/8f/93/21/Erbsen-Protein-Crispies_01.jpg?auto=compress%2Cformat&w=900&h=900
139,https://www.korodrogerie.de/bio-edelmarzipan-kartoffeln-6-x-500-g,"

59,50 €
",D,1931                                   / 462,25 g,"2,2 g",46 g,45 g,"6,0 g","9,6 g",0 g,K,https://koro2.imgix.net/media/image/63/c0/d0/BIO_Edelmarzipan_Kartoffeln_07.jpg?auto=compress%2Cformat&w=900&h=900
140,https://www.korodrogerie.de/feigen-in-zartbitterschokolade-500-g,"

13,00 €
",0,1622                                   / 389,17 g,"9,7 g",50 g,48 g,"7,6 g","4,5 g",0 g,5,https://koro2.imgix.net/media/image/a3/0a/4d/FEIG_010_01.jpg?auto=compress%2Cformat&w=900&h=900
141,https://www.korodrogerie.de/feigen-in-zartbitterschokolade-10-x-500-g,"

117,50 €
",5,1622                                   / 389,17 g,"9,7 g",50 g,48 g,"7,6 g","4,5 g",0 g,5,https://koro2.imgix.net/media/image/b6/83/e7/FEIG_011_01.jpg?auto=compress%2Cformat&w=900&h=900
142,https://www.korodrogerie.de/kokoskugeln-in-dunkler-schokolade-1-kg,"

16,00 €
",G,2134                                   / 512,32 g,24 g,48 g,35 g,"6,8 g","4,4 g","0,10 g",K,https://koro2.imgix.net/media/image/ee/36/e1/Kokoskugeln_01.jpg?auto=compress%2Cformat&w=900&h=900
143,https://www.korodrogerie.de/ingwer-in-dunkler-schokolade-1-kg,"

12,00 €
",G,1478                                   / 417,19 g,12 g,56 g,42 g,"7,1 g","3,4 g","0,10 g",K,https://koro2.imgix.net/media/image/ed/82/17/Ingwer_in_dunkler_Schokolade_01.jpg?auto=compress%2Cformat&w=900&h=900
144,https://www.korodrogerie.de/pflaumen-in-dunkler-schokolade-1-kg,"

16,00 €
",G,1594                                   / 380,14 g,"9,1 g",55 g,40 g,"7,1 g","4,1 g","0,10 g",K,https://koro2.imgix.net/media/image/eb/5d/a8/Pflaumen_in_dunkler_Schokolade_01.jpg?auto=compress%2Cformat&w=900&h=900
145,https://www.korodrogerie.de/bio-bruchschokolade-bitter-beeren-mix-5-x-1-kg,"

66,50 €
",5,2370                                   / 570,43 g,27 g,33 g,27 g,12 g,"6,9 g","0,02 g",K,https://koro2.imgix.net/media/image/33/e2/d2/SCHOKO_012_02.jpg?auto=compress%2Cformat&w=900&h=900
146,https://www.korodrogerie.de/bio-erbsenflips-mit-meersalz-150-g,"

3,00 €
",S,1664                                   / 395,"9,6 g","1,6 g",52 g,"1,1 g","8,5 g",21 g,"1,1 g",K,https://koro2.imgix.net/media/image/2e/09/37/FLIPS_001_01.jpg?auto=compress%2Cformat&w=900&h=900
147,https://www.korodrogerie.de/bio-erbsenflips-mit-meersalz-15-x-150-g,"

28,00 €
",S,1664                                   / 395,"9,6 g","1,6 g",52 g,"1,1 g","8,5 g",21 g,"1,1 g",K,https://koro2.imgix.net/media/image/c7/6f/98/FLIPS_002_01.jpg?auto=compress%2Cformat&w=900&h=900
148,https://www.korodrogerie.de/marcona-mandeln-mit-salz-1-kg,"

24,50 €
",S,2642                                   / 639,57 g,"8,1 g","2,2 g","2,1 g","8,8 g",25 g,"1,8 g",K,https://koro2.imgix.net/media/image/a3/1c/3c/Marcona_Mandeln_01-1NS0FQTMZL7HYT.jpg?auto=compress%2Cformat&w=900&h=900
149,https://www.korodrogerie.de/vegane-haselnuss-crunchies-in-dunkler-schokolade-1-kg,"

25,00 €
",1,2267                                   / 542,43 g,16 g,36 g,"1,5 g","8,2 g","8,1 g","0,04 g",K,https://koro2.imgix.net/media/image/c8/d8/65/Vegane_Haselnuss_Crunchies_01.jpg?auto=compress%2Cformat&w=900&h=900
150,https://www.korodrogerie.de/marcona-mandeln-mit-rosmarin-1-kg,"

24,00 €
",S,2642                                   / 639,57 g,"8,1 g","2,2 g","2,1 g","8,8 g",25 g,"1,8 g",K,https://koro2.imgix.net/media/image/86/e3/72/MARC_001_02.jpg?auto=compress%2Cformat&w=900&h=900
151,https://www.korodrogerie.de/marcona-mandeln-mit-rosmarin-5-x-1-kg,"

114,50 €
",S,2642                                   / 639,57 g,"8,1 g","2,2 g","2,1 g","8,8 g",25 g,"1,8 g",K,https://koro2.imgix.net/media/image/9b/d3/99/MARC_002_01.jpg?auto=compress%2Cformat&w=900&h=900
152,https://www.korodrogerie.de/marcona-mandeln-mit-trueffel-1-kg,"

24,50 €
",S,2625                                   / 636,57 g,"6,4 g","1,7 g","1,5 g",11 g,24 g,"2,4 g",K,https://koro2.imgix.net/media/image/01/41/5e/MARC_005_01KBUGo4LEll1H7.jpg?auto=compress%2Cformat&w=900&h=900
153,https://www.korodrogerie.de/marcona-mandeln-mit-trueffel-5-x-1-kg,"

117,00 €
",S,2625                                   / 636,57 g,"6,4 g","1,7 g","1,5 g",11 g,24 g,"2,4 g",K,https://koro2.imgix.net/media/image/07/8d/87/MARC_006_01kCdFH9JsPPP0p.jpg?auto=compress%2Cformat&w=900&h=900
154,https://www.korodrogerie.de/schoko-protein-crunchies-ohne-zuckerzusatz-8-x-1-kg,"

155,00 €
",8,1875                                   / 448,28 g,12 g,37 g,"1,4 g","8,3 g",21 g,"0,36 g",S,https://koro2.imgix.net/media/image/30/78/62/PROTEIN_01001xL74SLYEqMZly.jpg?auto=compress%2Cformat&w=900&h=900
155,https://www.korodrogerie.de/hanfsamen-crunchies-in-veganer-schokolade-1-kg,"

25,00 €
",1,2310                                   / 552,41 g,15 g,29 g,"1,1 g","7,3 g",17 g,"0,02 g",6,https://koro2.imgix.net/media/image/d7/f0/d5/Hanfsamen_Crunchies_01.jpg?auto=compress%2Cformat&w=900&h=900
156,https://www.korodrogerie.de/veganer-proteinriegel-schokolade-brownie-55-g,"

2,00 €
",5,1616                                   / 374,17 g,9 g,38 g,"0,7 g",13 g,24 g,"0,39 g",2,https://koro2.imgix.net/media/image/e8/72/6c/Veganer_Proteinriegel_Schokolade_Brownie_01toe8WSqryLgOx.jpg?auto=compress%2Cformat&w=900&h=900
157,https://www.korodrogerie.de/hanfsamen-crunchies-in-veganer-schokolade-14-x-1-kg,"

190,50 €
",1,2310                                   / 552,41 g,15 g,29 g,"1,1 g","7,3 g",17 g,"0,02 g",6,https://koro2.imgix.net/media/image/62/7d/6f/Hanfsamen_Crunchies_08.jpg?auto=compress%2Cformat&w=900&h=900
158,https://www.korodrogerie.de/ingwer-in-dunkler-schokolade-4-x-1-kg,"

45,00 €
",G,1478                                   / 417,19 g,12 g,56 g,42 g,"7,1 g","3,4 g","0,1 g",K,https://koro2.imgix.net/media/image/45/d8/37/ING_014_01.jpg?auto=compress%2Cformat&w=900&h=900
159,https://www.korodrogerie.de/bruchschokolade-bitter-pfefferminzcrisp-1-kg,"

8,00 €
",1,2405                                   / 580,43 g,27 g,37 g,32 g,10 g,"6,1 g","0,02 g",K,https://koro2.imgix.net/media/image/8f/cb/d7/Pfefferminz_Crisp_02aoWHrRNBjLiyS.jpg?auto=compress%2Cformat&w=900&h=900
160,https://www.korodrogerie.de/bruchschokolade-bitter-pfefferminzcrisp-5-x-1-kg,"

33,50 €
",5,2405                                   / 580,43 g,27 g,37 g,32 g,10 g,"6,1 g","0,02 g",K,https://koro2.imgix.net/media/image/e5/d4/b5/Pfefferminz_Crisp_05.jpg?auto=compress%2Cformat&w=900&h=900
161,https://www.korodrogerie.de/pflaumen-in-dunkler-schokolade-4-x-1-kg,"

54,50 €
",G,1594                                   / 380,14 g,"9,1 g",55 g,40 g,"7,1 g","4,1 g","0,1 g",K,https://koro2.imgix.net/media/image/9a/b9/eb/PFLAU_004_01.jpg?auto=compress%2Cformat&w=900&h=900
162,https://www.korodrogerie.de/kokoskugeln-in-dunkler-schokolade-4-x-1-kg,"

61,50 €
",G,2134                                   / 512,32 g,24 g,48 g,35 g,"6,8 g","4,4 g","0,1 g",K,https://koro2.imgix.net/media/image/62/bd/aa/KOKOS_033_01.jpg?auto=compress%2Cformat&w=900&h=900
163,https://www.korodrogerie.de/bruchschokolade-bitter-mit-meersalz-1-kg,"

9,50 €
",1,2319                                   / 561,40 g,25 g,38 g,32 g,11 g,"6,6 g","0,51 g",K,https://koro2.imgix.net/media/image/01/c0/ea/Bitter_Salz_Schokolade_01-1.jpg?auto=compress%2Cformat&w=900&h=900
164,https://www.korodrogerie.de/bruchschokolade-bitter-mit-meersalz-5-x-1-kg,"

44,50 €
",5,2319                                   / 561,40 g,25 g,38 g,32 g,11 g,"6,6 g","0,51 g",K,https://koro2.imgix.net/media/image/53/98/b6/Bitter_Salz_Schokolade_06-1.jpg?auto=compress%2Cformat&w=900&h=900
165,https://www.korodrogerie.de/marcona-mandeln-mit-salz-5-x-1-kg,"

115,50 €
",S,2642                                   / 639,57 g,"8,1 g","2,2 g","2,1 g","8,8 g",25 g,"1,8 g",K,https://koro2.imgix.net/media/image/c5/24/2c/Marcona_Mandeln_08-1.jpg?auto=compress%2Cformat&w=900&h=900
166,https://www.korodrogerie.de/vegane-haselnuss-crunchies-in-dunkler-schokolade-14-x-1-kg,"

330,50 €
",1,2267                                   / 542,43 g,16 g,36 g,"1,5 g","8,2 g","8,1 g","0,04 g",K,https://koro2.imgix.net/media/image/9e/cb/13/Vegane_Haselnuss_Crunchies_07.jpg?auto=compress%2Cformat&w=900&h=900
167,https://www.korodrogerie.de/veganer-proteinriegel-schokolade-brownie-15-x-55-g,"

21,00 €
",8,1616                                   / 374,17 g,9 g,38 g,"0,7 g",13 g,24 g,"0,39 g",2,https://koro2.imgix.net/media/image/fb/ee/47/Veganer_Proteinriegel_Schokolade_Brownie_09.jpg?auto=compress%2Cformat&w=900&h=900
168,https://www.korodrogerie.de/bio-mikrowellen-popcorn-suess-90-g,"

1,50 €
",P,1851                                   / 441,18 g,"7,8 g",61 g,16 g,"5,6 g","7,0 g",0 g,K,https://koro2.imgix.net/media/image/01/86/dd/BIO_Mikrowellen_Popcorn_Suss_01.jpg?auto=compress%2Cformat&w=900&h=900
169,https://www.korodrogerie.de/bio-mikrowellen-popcorn-suess-12-x-90-g,"

11,50 €
",P,1851                                   / 441,18 g,"7,8 g",61 g,16 g,"5,6 g","7,0 g",0 g,K,https://koro2.imgix.net/media/image/1c/22/78/BIO_Mikrowellen_Popcorn_Suss_12.jpg?auto=compress%2Cformat&w=900&h=900
170,https://www.korodrogerie.de/haferkeks-mit-carobpulver-170-g,"

3,00 €
",G,2074                                   / 496,27 g,16 g,55 g,15 g,"4,1 g","6,6 g","0,29 g",K,https://koro2.imgix.net/media/image/a9/49/9b/Haferkeks_mit_Carobpulver_01.jpg?auto=compress%2Cformat&w=900&h=900
171,https://www.korodrogerie.de/haferkeks-mit-carobpulver-12-x-170-g,"

32,00 €
",G,2074                                   / 496,27 g,16 g,55 g,15 g,"4,1 g","6,6 g","0,29 g",K,https://koro2.imgix.net/media/image/81/a9/93/Haferkeks_mit_Carobpulver_08.jpg?auto=compress%2Cformat&w=900&h=900
172,https://www.korodrogerie.de/mandelmus-zimt-vanille-500g,"

12,00 €
",S,2540                                   / 607,53 g,"4,9 g","7,2 g","6,6 g","8,1 g",24 g,0 g,K,https://koro2.imgix.net/media/image/da/a9/4e/Mandelmus_Zimt_Vanille_01.jpg?auto=compress%2Cformat&w=900&h=900
173,https://www.korodrogerie.de/mandelmus-zimt-vanille-12-x-500g,"

135,50 €
",S,2540                                   / 607,53 g,"4,9 g","7,2 g","6,6 g","8,1 g",24 g,0 g,K,https://koro2.imgix.net/media/image/c9/d3/98/Mandelmus_Zimt_Vanille_09VV2CmQbrukH7G.jpg?auto=compress%2Cformat&w=900&h=900
174,https://www.korodrogerie.de/bio-mikrowellen-popcorn-salzig-90-g,"

1,50 €
",P,1693                                   / 404,15 g,"6,4 g",55 g,"1,2 g","6,7 g","8,4 g","4,0 g",K,https://koro2.imgix.net/media/image/4d/5f/58/Bio_Mikrowellen_Popcorn_salzig_01.jpg?auto=compress%2Cformat&w=900&h=900
175,https://www.korodrogerie.de/bio-mikrowellen-popcorn-salzig-12-x-90-g,"

11,00 €
",P,1693                                   / 404,15 g,"6,4 g",55 g,"1,2 g","6,7 g","8,4 g","4,0 g",K,https://koro2.imgix.net/media/image/19/ee/9e/Bio_Mikrowellen_Popcorn_salzig_08.jpg?auto=compress%2Cformat&w=900&h=900
176,https://www.korodrogerie.de/geroestete-maiskoerner-mit-chili-1-kg,"

9,50 €
",S,1890                                   / 451,17 g,"1,6 g",63 g,"1,3 g","9,7 g","6,6 g","1,7 g",K,https://koro2.imgix.net/media/image/b7/b2/a4/Gerostete_Maiskorner_mit_Chilli_1kg_01.jpg?auto=compress%2Cformat&w=900&h=900
177,https://www.korodrogerie.de/geroestete-maiskoerner-mit-bbq-gewuerz-1-kg,"

11,00 €
",S,1873                                   / 447,17 g,"1,6 g",62 g,"1,2 g","9,5 g","6,7 g","1,7 g",K,https://koro2.imgix.net/media/image/8b/cc/66/Gerostete_Maiskorner_mit_BBQ_Gewurz_1kg_01.jpg?auto=compress%2Cformat&w=900&h=900
178,https://www.korodrogerie.de/bio-erdnussriegel-mit-schokolade-50-g,"

2,00 €
",5,2119                                   / 509,34 g,"9,2 g",32 g,26 g,"9,1 g",15 g,"0,55 g",K,https://koro2.imgix.net/media/image/6b/54/42/BIO_Erdnussriegel_01-2.jpg?auto=compress%2Cformat&w=900&h=900
179,https://www.korodrogerie.de/bio-erdnussriegel-mit-schokolade-12-x-50-g,"

17,00 €
",6,2119                                   / 509,34 g,"9,2 g",32 g,26 g,"9,1 g",15 g,"0,55 g",K,https://koro2.imgix.net/media/image/b9/ff/28/BIO_Erdnussriegel_06.jpg?auto=compress%2Cformat&w=900&h=900
180,https://www.korodrogerie.de/bio-haselnussriegel-mit-schokolade-50-g,"

2,00 €
",5,2184                                   / 526,37 g,13 g,35 g,30 g,"9,5 g","8,3 g","0,04 g",K,https://koro2.imgix.net/media/image/1a/51/93/BIO_Haselnussriegel_01.jpg?auto=compress%2Cformat&w=900&h=900
181,https://www.korodrogerie.de/bio-haselnussriegel-mit-schokolade-12-x-50-g,"

17,00 €
",6,2184                                   / 526,37 g,13 g,35 g,30 g,"9,5 g","8,3 g","0,04 g",K,https://koro2.imgix.net/media/image/24/3d/e0/BIO_Haselnussriegel_05.jpg?auto=compress%2Cformat&w=900&h=900
182,https://www.korodrogerie.de/veganer-power-mix-1-kg,"

19,00 €
",1,2144                                   / 511,36 g,"7,2 g",27 g,15 g,10 g,21 g,"0,81 g",3,https://koro2.imgix.net/media/image/be/2b/61/Veganer_Power_Mix_01AG5kCcVDgFzmP.jpg?auto=compress%2Cformat&w=900&h=900
183,https://www.korodrogerie.de/snack-erbsen-salz-pfeffer-1-kg,"

11,50 €
",1,1695                                   / 405,10 g,"1,0 g",60 g,"7,5 g","8,6 g",14 g,"1,4 g",6,https://koro2.imgix.net/media/image/bd/bc/1b/Snack-Erbsen_Salz-Pfeffer-_01-1.jpg?auto=compress%2Cformat&w=900&h=900
184,https://www.korodrogerie.de/snack-erbsen-ungarische-paprika-6-x-1-kg,"

64,00 €
",6,1702                                   / 406,10 g,"1,0 g",60 g,"7,9 g","8,7 g",14 g,"1,0 g",6,https://koro2.imgix.net/media/image/b8/32/7d/Snack-Erbsen_Ungarische_Paprika_1kg_06.jpg?auto=compress%2Cformat&w=900&h=900
185,https://www.korodrogerie.de/snack-erbsen-ungarische-paprika-1-kg,"

11,50 €
",1,1702                                   / 406,10 g,"1,0 g",60 g,"7,9 g","8,7 g",14 g,"1,0 g",6,https://koro2.imgix.net/media/image/0a/07/1d/Snack-Erbsen_Ungarische_Paprika_1kg_01.jpg?auto=compress%2Cformat&w=900&h=900
186,https://www.korodrogerie.de/snack-erbsen-salz-pfeffer-6-x-1-kg,"

64,00 €
",6,1695                                   / 405,10 g,"1,0 g",60 g,"7,5 g","8,6 g",14 g,"1,4 g",6,https://koro2.imgix.net/media/image/ac/d6/0b/Snack-Erbsen_Salz-Pfeffer-_05-1.jpg?auto=compress%2Cformat&w=900&h=900
187,https://www.korodrogerie.de/bio-cookie-beere-50-g,"

2,00 €
",5,1993                                   / 478,27 g,17 g,46 g,23 g,"7,1 g","9,4 g","0,13 g",K,https://koro2.imgix.net/media/image/c5/78/bd/BIO_Cookie_Cashew_Cranberry_01.jpg?auto=compress%2Cformat&w=900&h=900
188,https://www.korodrogerie.de/bio-cookie-beere-12-x-50-g,"

17,50 €
",6,1993                                   / 478,27 g,17 g,46 g,23 g,"7,1 g","9,4 g","0,13 g",K,https://koro2.imgix.net/media/image/12/50/09/BIO_Cookie_Cashew_Cranberry_07.jpg?auto=compress%2Cformat&w=900&h=900
189,https://www.korodrogerie.de/gefriergetrocknete-drachenfrucht-500-g,"

35,00 €
",0,1263                                   / 298,0 g,0 g,67 g,67 g,"5,0 g","3,8 g",0 g,1,https://koro2.imgix.net/media/image/13/e2/35/Drachenfruchtstucke_01.jpg?auto=compress%2Cformat&w=900&h=900
190,https://www.korodrogerie.de/bio-flapjack-erdnuss-schokolade-60-g,"

2,00 €
",6,1898                                   / 454,23 g,"5,8 g",47 g,29 g,"6,1 g",11 g,"0,42 g",K,https://koro2.imgix.net/media/image/78/6b/12/Flapjack_Erdnuss_Schokolade_01.jpg?auto=compress%2Cformat&w=900&h=900
191,https://www.korodrogerie.de/bio-flapjack-erdnuss-schokolade-15-x-60-g,"

21,00 €
",9,1898                                   / 454,23 g,"5,8 g",47 g,29 g,"6,1 g",11 g,"0,42 g",K,https://koro2.imgix.net/media/image/fe/58/85/Flapjack_Erdnuss_Schokolade_06.jpg?auto=compress%2Cformat&w=900&h=900
192,https://www.korodrogerie.de/bio-spinat-pirat-45-g,"

2,00 €
",4,1990                                   / 474,30 g,"6,3 g",37 g,36 g,"5,5 g",13 g,"0,1 g",K,https://koro2.imgix.net/media/image/90/6a/c9/BIO_Spinat_Pirat_01.jpg?auto=compress%2Cformat&w=900&h=900
193,https://www.korodrogerie.de/bio-spinat-pirat-20-x-45-g,"

30,00 €
",9,1990                                   / 474,30 g,"6,3 g",37 g,36 g,"5,5 g",13 g,"0,1 g",K,https://koro2.imgix.net/media/image/0e/c8/75/BIO_Spinat_Pirat_05.jpg?auto=compress%2Cformat&w=900&h=900
194,https://www.korodrogerie.de/bio-rote-bete-fete-45-g,"

2,00 €
",4,1530                                   / 366,13 g,"3,6 g",48 g,44 g,"9,1 g",10 g,"0,5 g",K,https://koro2.imgix.net/media/image/11/70/6d/BIO_rote_BETE_FETE_01.jpg?auto=compress%2Cformat&w=900&h=900
195,https://www.korodrogerie.de/bio-einkorn-sticks-8-x-200-g,"

20,50 €
",B,1674                                   / 397,"6,9 g",5 g,67 g,6 g,7 g,13 g,"0,8 g",K,https://koro2.imgix.net/media/image/73/26/8a/EINKORN_002_01.jpg?auto=compress%2Cformat&w=900&h=900
196,https://www.korodrogerie.de/bio-rote-bete-fete-20-x-45-g,"

29,00 €
",9,1530                                   / 366,13 g,"3,6 g",48 g,44 g,"9,1 g",10 g,"0,5 g",K,https://koro2.imgix.net/media/image/5f/63/cc/BIO_rote_BETE_FETE_06.jpg?auto=compress%2Cformat&w=900&h=900
197,https://www.korodrogerie.de/bio-cookie-walnuss-50-g,"

2,00 €
",5,2032                                   / 488,29 g,15 g,41 g,18 g,"9,7 g",11 g,"0,08 g",K,https://koro2.imgix.net/media/image/89/2b/08/BIO_Cookie_Walnut_Cacao_Nibs_01.jpg?auto=compress%2Cformat&w=900&h=900
198,https://www.korodrogerie.de/bio-cookie-walnuss-12-x-50-g,"

15,00 €
",6,2032                                   / 488,29 g,15 g,41 g,18 g,"9,7 g",11 g,"0,08 g",K,https://koro2.imgix.net/media/image/02/f7/26/BIO_Cookie_Walnut_Cacao_Nibs_08.jpg?auto=compress%2Cformat&w=900&h=900
199,https://www.korodrogerie.de/bio-energy-ball-matcha-2-x-17-g,"

2,00 €
",3,1580                                   / 377,15 g,6 g,54 g,48 g,6 g,8 g,0 g,K,https://koro2.imgix.net/media/image/a4/a2/50/BLISS_031-Lagerbild.jpg?auto=compress%2Cformat&w=900&h=900
200,https://www.korodrogerie.de/bio-energy-ball-matcha-18-x-2-x-17-g,"

23,50 €
",6,1580                                   / 377,15 g,6 g,54 g,48 g,6 g,8 g,0 g,K,https://koro2.imgix.net/media/image/5a/85/4c/BLISS_032-Lagerbild.jpg?auto=compress%2Cformat&w=900&h=900
201,https://www.korodrogerie.de/bio-energy-ball-himbeere-chia-2-x-17-g,"

2,00 €
",3,1540                                   / 367,14 g,"2,0 g",51 g,47 g,"8,0 g","9,0 g",0 g,K,https://koro2.imgix.net/media/image/90/74/a7/BLISS_029-Lagerbild.jpg?auto=compress%2Cformat&w=900&h=900
202,https://www.korodrogerie.de/bio-energy-ball-apfel-zimt-2-x-17-g,"

1,50 €
",3,1370                                   / 324,"7,0 g","1,0 g",60 g,50 g,"6,0 g","6,0 g",0 g,K,https://koro2.imgix.net/media/image/01/93/38/BLISS_023.png?auto=compress%2Cformat&w=900&h=900
203,https://www.korodrogerie.de/bio-energy-ball-apfel-zimt-18-x-2-x-17-g,"

19,00 €
",6,1370                                   / 324,"7,0 g","1,0 g",60 g,50 g,"6,0 g","6,0 g",0 g,K,https://koro2.imgix.net/media/image/b0/04/a4/BLISS_023-Lagerbild.jpg?auto=compress%2Cformat&w=900&h=900
204,https://www.korodrogerie.de/bio-energy-ball-erdbeere-chia-2-x-17-g,"

1,50 €
",3,1450                                   / 344,"9,0 g","2,0 g",58 g,42 g,"7,0 g","8,0 g",0 g,K,https://koro2.imgix.net/media/image/81/c9/5f/BLISS_027-Lagerbild.jpg?auto=compress%2Cformat&w=900&h=900
205,https://www.korodrogerie.de/bio-energy-ball-himbeere-chia-18-x-2-x-17-g,"

19,50 €
",6,1540                                   / 367,14 g,"2,0 g",51 g,47 g,"8,0 g","9,0 g",0 g,K,https://koro2.imgix.net/media/image/11/96/69/BLISS_030-Lagerbild.jpg?auto=compress%2Cformat&w=900&h=900
206,https://www.korodrogerie.de/bio-weisse-drops-mit-kokosbluetenzucker-1-kg,"

20,50 €
",B,2480                                   / 599,47 g,30 g,41 g,41 g,"3,2 g","6,4 g","0,11 g",K,https://koro2.imgix.net/media/image/7c/57/85/BIO_Weisse_Drops_mit_Kokosblutenzucker_01.jpg?auto=compress%2Cformat&w=900&h=900
207,https://www.korodrogerie.de/bio-weisse-drops-mit-kokosbluetenzucker-6-x-1-kg,"

115,50 €
",B,2480                                   / 599,47 g,30 g,41 g,41 g,"3,2 g","6,4 g","0,11 g",K,https://koro2.imgix.net/media/image/da/92/e8/BIO_Weisse_Drops_mit_Kokosblutenzucker_07.jpg?auto=compress%2Cformat&w=900&h=900
208,https://www.korodrogerie.de/bio-cracker-rosmarin-500-g,"

4,00 €
",I,1830                                   / 435,13 g,"1,1 g",67 g,"2,3 g","2,9 g",10 g,"2,9 g",K,https://koro2.imgix.net/media/image/5a/e6/c6/CRACKER_024-Lagerbild.jpg?auto=compress%2Cformat&w=900&h=900
209,https://www.korodrogerie.de/bio-cracker-rosmarin-6-x-500-g,"

20,00 €
",I,1830                                   / 435,13 g,"1,1 g",67 g,"2,3 g","2,9 g",10 g,"2,9 g",K,https://koro2.imgix.net/media/image/5a/e6/c6/CRACKER_024-Lagerbild.jpg?auto=compress%2Cformat&w=900&h=900
210,https://www.korodrogerie.de/bio-cracker-olive-500-g,"

7,00 €
",I,1830                                   / 435,13 g,"1,1 g",67 g,"2,3 g","2,9 g",10 g,"2,9 g",K,https://koro2.imgix.net/media/image/87/de/14/CRACKER_026-Lagerbild.jpg?auto=compress%2Cformat&w=900&h=900
211,https://www.korodrogerie.de/bio-cracker-olive-6-x-500-g,"

40,50 €
",I,1830                                   / 435,13 g,"1,1 g",67 g,"2,3 g","2,9 g",10 g,0 g,K,https://koro2.imgix.net/media/image/87/de/14/CRACKER_026-Lagerbild.jpg?auto=compress%2Cformat&w=900&h=900
212,https://www.korodrogerie.de/bio-dunkel-geroestete-kokoschips-mit-kakao-1-kg,"

19,50 €
",S,2548                                   / 609,45 g,42 g,44 g,31 g,15 g,"5,9 g","0,54 g",K,https://koro2.imgix.net/media/image/fb/4b/df/BIO_dunkel_gerostete_Kokoschips_01.jpg?auto=compress%2Cformat&w=900&h=900
213,https://www.korodrogerie.de/bio-kokoschips-ohne-zuckerzusatz-1-kg,"

9,00 €
",S,3096                                   / 740,68 g,65 g,9 g,7 g,13 g,6 g,0 g,K,https://koro2.imgix.net/media/image/06/02/2b/KOKOS_039_01.jpg?auto=compress%2Cformat&w=900&h=900
214,https://www.korodrogerie.de/bio-kokoschips-mit-kokosbluetenzucker-1-kg,"

22,00 €
",S,2629                                   / 628,44 g,42 g,34 g,34 g,13 g,"5,3 g","0,48 g",K,https://koro2.imgix.net/media/image/dd/40/45/BIO_Kokoschips_01.jpg?auto=compress%2Cformat&w=900&h=900
215,https://www.korodrogerie.de/bio-vegane-bruchschokolade-helle-haselnusskrokant-1-kg,"

17,00 €
",D,2350                                   / 564,35 g,20 g,58 g,47 g,"3,1 g","2,4 g",0 g,K,https://koro2.imgix.net/media/image/c5/da/70/Bio-vegane_Bruchschokolade_Helle_Haselnusskrokant_01.jpg?auto=compress%2Cformat&w=900&h=900
216,https://www.korodrogerie.de/bio-vegane-bruchschokolade-helle-haselnusskrokant-5-x-1-kg,"

81,00 €
",D,2350                                   / 564,35 g,20 g,58 g,47 g,"3,1 g","2,4 g",0 g,K,https://koro2.imgix.net/media/image/cc/07/22/Bio-vegane_Bruchschokolade_Helle_Haselnusskrokant_04.jpg?auto=compress%2Cformat&w=900&h=900
217,https://www.korodrogerie.de/bio-gepuffte-ananasstuecke-500-g,"

18,50 €
",P,1612                                   / 380,0 g,0 g,87 g,85 g,"7,9 g","3,0 g",0 g,K,https://koro2.imgix.net/media/image/b8/cc/8c/BIO_gepuffte_Ananasstucke_01.jpg?auto=compress%2Cformat&w=900&h=900
218,https://www.korodrogerie.de/bio-gepuffte-schwarze-johannisbeeren-500-g,"

24,00 €
",P,1336                                   / 319,"2,3 g","0,4 g",54 g,44 g,31 g,"5,0 g","0,02 g",K,https://koro2.imgix.net/media/image/47/fa/41/BIO_gepuffte_schwarze_Johannisbeere_01.jpg?auto=compress%2Cformat&w=900&h=900
219,https://www.korodrogerie.de/bio-gepuffte-kirsche-500-g,"

20,00 €
",P,1472                                   / 348,"0,5 g","0,2 g",75 g,41 g,"9,5 g","6,0 g","0,02 g",K,https://koro2.imgix.net/media/image/38/f1/16/PUFF_011_01.jpg?auto=compress%2Cformat&w=900&h=900
220,https://www.korodrogerie.de/bio-cracker-pizza-500-g,"

5,00 €
",I,1830                                    / 435,13 g,"1,1 g",67 g,"2,3 g","2,9 g",10 g,"2,9 g",K,https://koro2.imgix.net/media/image/7e/83/e0/CRACKER_028-Lagerbild.jpg?auto=compress%2Cformat&w=900&h=900
221,https://www.korodrogerie.de/bio-cracker-pizza-6-x-500-g,"

27,50 €
",I,1830                                   / 435,13 g,"1,1 g",67 g,"2,3 g","2,9 g",10 g,"2,9 g",K,https://koro2.imgix.net/media/image/7e/83/e0/CRACKER_028-Lagerbild.jpg?auto=compress%2Cformat&w=900&h=900
